Day,Market Name,Order Count,Revenue
2018-11-16T00:00:00.000-05:00,Baltimore MD,1,407.5
2018-11-25T00:00:00.000-05:00,Baltimore MD,3,900.75
2018-11-30T00:00:00.000-05:00,Baltimore MD,3,798
2018-12-03T00:00:00.000-05:00,Baltimore MD,1,516
2018-12-05T00:00:00.000-05:00,Baltimore MD,1,1144
2018-12-06T00:00:00.000-05:00,Baltimore MD,3,1311
2018-12-08T00:00:00.000-05:00,Baltimore MD,4,1926.5
2018-12-12T00:00:00.000-05:00,Baltimore MD,1,496.75
2018-12-14T00:00:00.000-05:00,Baltimore MD,3,805
2018-12-15T00:00:00.000-05:00,Baltimore MD,4,2628.75
2018-12-16T00:00:00.000-05:00,Baltimore MD,3,1720.75
2018-12-17T00:00:00.000-05:00,Baltimore MD,1,1194
2018-12-18T00:00:00.000-05:00,Baltimore MD,3,714.5
2018-12-23T00:00:00.000-05:00,Baltimore MD,2,995.5
2018-12-28T00:00:00.000-05:00,Baltimore MD,4,1811.25
2018-12-30T00:00:00.000-05:00,Baltimore MD,1,547.5
2019-01-04T00:00:00.000-05:00,Baltimore MD,2,617
2019-01-07T00:00:00.000-05:00,Baltimore MD,3,1893.75
2019-01-11T00:00:00.000-05:00,Baltimore MD,1,529.5
2019-01-15T00:00:00.000-05:00,Baltimore MD,2,511.5
2019-01-17T00:00:00.000-05:00,Baltimore MD,3,628.5
2019-01-18T00:00:00.000-05:00,Baltimore MD,2,1019.25
2019-01-19T00:00:00.000-05:00,Baltimore MD,3,1275.5
2019-01-20T00:00:00.000-05:00,Baltimore MD,2,401.5
2019-01-21T00:00:00.000-05:00,Baltimore MD,3,1355
2019-01-22T00:00:00.000-05:00,Baltimore MD,2,525.5
2019-01-25T00:00:00.000-05:00,Baltimore MD,3,988.25
2019-01-27T00:00:00.000-05:00,Baltimore MD,1,396.5
2019-01-28T00:00:00.000-05:00,Baltimore MD,1,878.75
2019-01-30T00:00:00.000-05:00,Baltimore MD,3,902.75
2019-01-31T00:00:00.000-05:00,Baltimore MD,2,888.75
2019-02-01T00:00:00.000-05:00,Baltimore MD,2,580
2019-02-03T00:00:00.000-05:00,Baltimore MD,2,735.25
2019-02-04T00:00:00.000-05:00,Baltimore MD,3,1377.25
2019-02-08T00:00:00.000-05:00,Baltimore MD,1,646.5
2019-02-14T00:00:00.000-05:00,Baltimore MD,1,554.25
2018-11-10T00:00:00.000-05:00,"Baltimore, MD",1,318
2018-11-11T00:00:00.000-05:00,"Baltimore, MD",1,258
2018-11-12T00:00:00.000-05:00,"Baltimore, MD",1,258
2018-11-13T00:00:00.000-05:00,"Baltimore, MD",1,387
2018-11-14T00:00:00.000-05:00,"Baltimore, MD",1,109
2018-11-19T00:00:00.000-05:00,"Baltimore, MD",1,99
2018-11-20T00:00:00.000-05:00,"Baltimore, MD",2,198
2018-11-24T00:00:00.000-05:00,"Baltimore, MD",1,298
2018-11-27T00:00:00.000-05:00,"Baltimore, MD",1,278
2018-11-28T00:00:00.000-05:00,"Baltimore, MD",1,198
2018-11-29T00:00:00.000-05:00,"Baltimore, MD",2,272.25
2018-12-01T00:00:00.000-05:00,"Baltimore, MD",1,318
2018-12-02T00:00:00.000-05:00,"Baltimore, MD",2,318
2018-12-04T00:00:00.000-05:00,"Baltimore, MD",1,99
2018-12-07T00:00:00.000-05:00,"Baltimore, MD",1,104
2018-12-10T00:00:00.000-05:00,"Baltimore, MD",1,322.5
2018-12-19T00:00:00.000-05:00,"Baltimore, MD",1,218
2018-12-24T00:00:00.000-05:00,"Baltimore, MD",1,278
2018-12-27T00:00:00.000-05:00,"Baltimore, MD",1,129
2019-01-02T00:00:00.000-05:00,"Baltimore, MD",1,89
2019-01-03T00:00:00.000-05:00,"Baltimore, MD",1,258
2019-01-05T00:00:00.000-05:00,"Baltimore, MD",1,243.25
2019-01-09T00:00:00.000-05:00,"Baltimore, MD",1,289.25
2019-01-16T00:00:00.000-05:00,"Baltimore, MD",1,178
2019-01-23T00:00:00.000-05:00,"Baltimore, MD",2,247.25
2019-01-24T00:00:00.000-05:00,"Baltimore, MD",1,190
2019-02-07T00:00:00.000-05:00,"Baltimore, MD",1,89
2019-02-10T00:00:00.000-05:00,"Baltimore, MD",2,347
2019-02-15T00:00:00.000-05:00,"Baltimore, MD",1,373.25
2018-04-01T00:00:00.000-04:00,Chicago IL,2,607.5
2018-04-04T00:00:00.000-04:00,Chicago IL,2,443.5
2018-04-12T00:00:00.000-04:00,Chicago IL,2,426.5
2018-04-13T00:00:00.000-04:00,Chicago IL,3,1150.75
2018-04-14T00:00:00.000-04:00,Chicago IL,4,1622.25
2018-04-15T00:00:00.000-04:00,Chicago IL,4,942.75
2018-04-18T00:00:00.000-04:00,Chicago IL,3,660.75
2018-04-19T00:00:00.000-04:00,Chicago IL,3,544.5
2018-04-20T00:00:00.000-04:00,Chicago IL,5,1940.25
2018-04-21T00:00:00.000-04:00,Chicago IL,4,1126.25
2018-04-22T00:00:00.000-04:00,Chicago IL,2,1101.25
2018-04-24T00:00:00.000-04:00,Chicago IL,1,521.25
2018-04-25T00:00:00.000-04:00,Chicago IL,2,766.75
2018-04-26T00:00:00.000-04:00,Chicago IL,3,1634.25
2018-04-27T00:00:00.000-04:00,Chicago IL,6,2267.25
2018-04-28T00:00:00.000-04:00,Chicago IL,5,2205.25
2018-04-29T00:00:00.000-04:00,Chicago IL,6,2314.5
2018-05-01T00:00:00.000-04:00,Chicago IL,8,3017.5
2018-05-02T00:00:00.000-04:00,Chicago IL,5,1769
2018-05-03T00:00:00.000-04:00,Chicago IL,3,1517
2018-05-04T00:00:00.000-04:00,Chicago IL,5,1729.25
2018-05-06T00:00:00.000-04:00,Chicago IL,5,1547.25
2018-05-07T00:00:00.000-04:00,Chicago IL,3,1224.25
2018-05-08T00:00:00.000-04:00,Chicago IL,3,1129.75
2018-05-10T00:00:00.000-04:00,Chicago IL,5,2076.5
2018-05-11T00:00:00.000-04:00,Chicago IL,5,1829
2018-05-12T00:00:00.000-04:00,Chicago IL,3,1507.25
2018-05-13T00:00:00.000-04:00,Chicago IL,2,1306.25
2018-05-14T00:00:00.000-04:00,Chicago IL,1,676
2018-05-15T00:00:00.000-04:00,Chicago IL,1,420.75
2018-05-18T00:00:00.000-04:00,Chicago IL,7,2231
2018-05-19T00:00:00.000-04:00,Chicago IL,6,2033.25
2018-05-20T00:00:00.000-04:00,Chicago IL,5,1635.5
2018-05-21T00:00:00.000-04:00,Chicago IL,5,1448
2018-05-23T00:00:00.000-04:00,Chicago IL,1,479.75
2018-05-24T00:00:00.000-04:00,Chicago IL,2,831.75
2018-05-25T00:00:00.000-04:00,Chicago IL,5,1713
2018-05-28T00:00:00.000-04:00,Chicago IL,5,2376.5
2018-05-29T00:00:00.000-04:00,Chicago IL,5,2641
2018-05-30T00:00:00.000-04:00,Chicago IL,8,2655.25
2018-05-31T00:00:00.000-04:00,Chicago IL,9,2865
2018-06-03T00:00:00.000-04:00,Chicago IL,8,2401.75
2018-06-04T00:00:00.000-04:00,Chicago IL,4,2038.5
2018-06-06T00:00:00.000-04:00,Chicago IL,3,868.5
2018-06-07T00:00:00.000-04:00,Chicago IL,3,850.75
2018-06-08T00:00:00.000-04:00,Chicago IL,3,525.5
2018-06-10T00:00:00.000-04:00,Chicago IL,4,964.75
2018-06-11T00:00:00.000-04:00,Chicago IL,3,1743.25
2018-06-13T00:00:00.000-04:00,Chicago IL,2,426.25
2018-06-14T00:00:00.000-04:00,Chicago IL,7,2364.25
2018-06-16T00:00:00.000-04:00,Chicago IL,4,1269.25
2018-06-17T00:00:00.000-04:00,Chicago IL,5,1566.75
2018-06-18T00:00:00.000-04:00,Chicago IL,2,1718.75
2018-06-19T00:00:00.000-04:00,Chicago IL,2,416.5
2018-06-20T00:00:00.000-04:00,Chicago IL,3,622.5
2018-06-21T00:00:00.000-04:00,Chicago IL,2,397
2018-06-22T00:00:00.000-04:00,Chicago IL,5,1359.75
2018-06-23T00:00:00.000-04:00,Chicago IL,5,2025
2018-06-24T00:00:00.000-04:00,Chicago IL,6,2422.75
2018-06-25T00:00:00.000-04:00,Chicago IL,5,1968.5
2018-06-26T00:00:00.000-04:00,Chicago IL,3,567.75
2018-07-03T00:00:00.000-04:00,Chicago IL,6,2342.5
2018-07-05T00:00:00.000-04:00,Chicago IL,8,2509.75
2018-07-07T00:00:00.000-04:00,Chicago IL,6,2751.25
2018-07-08T00:00:00.000-04:00,Chicago IL,6,1879.5
2018-07-10T00:00:00.000-04:00,Chicago IL,4,1432
2018-07-11T00:00:00.000-04:00,Chicago IL,3,878.25
2018-07-13T00:00:00.000-04:00,Chicago IL,5,2146.5
2018-07-14T00:00:00.000-04:00,Chicago IL,4,1291
2018-07-17T00:00:00.000-04:00,Chicago IL,3,1390
2018-07-18T00:00:00.000-04:00,Chicago IL,6,2424.25
2018-07-19T00:00:00.000-04:00,Chicago IL,6,2976.75
2018-07-20T00:00:00.000-04:00,Chicago IL,6,2856.5
2018-07-21T00:00:00.000-04:00,Chicago IL,1,440.5
2018-07-22T00:00:00.000-04:00,Chicago IL,2,446.5
2018-07-23T00:00:00.000-04:00,Chicago IL,1,778.25
2018-07-24T00:00:00.000-04:00,Chicago IL,3,1710
2018-07-25T00:00:00.000-04:00,Chicago IL,7,2033.5
2018-08-03T00:00:00.000-04:00,Chicago IL,4,1099.5
2018-08-04T00:00:00.000-04:00,Chicago IL,5,1521.5
2018-08-05T00:00:00.000-04:00,Chicago IL,7,1935.25
2018-08-06T00:00:00.000-04:00,Chicago IL,4,2123.25
2018-08-07T00:00:00.000-04:00,Chicago IL,5,1692.5
2018-08-08T00:00:00.000-04:00,Chicago IL,4,2073
2018-08-09T00:00:00.000-04:00,Chicago IL,2,665.5
2018-08-10T00:00:00.000-04:00,Chicago IL,6,1657
2018-08-11T00:00:00.000-04:00,Chicago IL,4,1271
2018-08-12T00:00:00.000-04:00,Chicago IL,5,2521.25
2018-08-13T00:00:00.000-04:00,Chicago IL,5,1124
2018-08-14T00:00:00.000-04:00,Chicago IL,1,511
2018-08-15T00:00:00.000-04:00,Chicago IL,4,2451.75
2018-08-16T00:00:00.000-04:00,Chicago IL,3,1047.5
2018-08-17T00:00:00.000-04:00,Chicago IL,6,2511.75
2018-08-18T00:00:00.000-04:00,Chicago IL,9,2872
2018-08-19T00:00:00.000-04:00,Chicago IL,6,2562.25
2018-08-20T00:00:00.000-04:00,Chicago IL,2,874.75
2018-08-21T00:00:00.000-04:00,Chicago IL,2,689.75
2018-08-22T00:00:00.000-04:00,Chicago IL,3,859.25
2018-08-23T00:00:00.000-04:00,Chicago IL,5,1841.25
2018-08-24T00:00:00.000-04:00,Chicago IL,6,1556.75
2018-08-26T00:00:00.000-04:00,Chicago IL,5,2085
2018-08-27T00:00:00.000-04:00,Chicago IL,4,2298.5
2018-08-28T00:00:00.000-04:00,Chicago IL,4,1032
2018-09-02T00:00:00.000-04:00,Chicago IL,7,2820.75
2018-09-03T00:00:00.000-04:00,Chicago IL,2,1250.25
2018-09-04T00:00:00.000-04:00,Chicago IL,3,1073.5
2018-09-05T00:00:00.000-04:00,Chicago IL,4,2365.25
2018-09-06T00:00:00.000-04:00,Chicago IL,4,1778.25
2018-09-07T00:00:00.000-04:00,Chicago IL,4,1027.25
2018-09-08T00:00:00.000-04:00,Chicago IL,5,2373.75
2018-09-09T00:00:00.000-04:00,Chicago IL,3,1452
2018-09-10T00:00:00.000-04:00,Chicago IL,4,1122.5
2018-09-12T00:00:00.000-04:00,Chicago IL,1,422.5
2018-09-13T00:00:00.000-04:00,Chicago IL,4,1518
2018-09-15T00:00:00.000-04:00,Chicago IL,6,2334
2018-09-16T00:00:00.000-04:00,Chicago IL,3,1133.75
2018-09-21T00:00:00.000-04:00,Chicago IL,2,554.75
2018-09-24T00:00:00.000-04:00,Chicago IL,2,454
2018-09-25T00:00:00.000-04:00,Chicago IL,1,409.75
2018-09-27T00:00:00.000-04:00,Chicago IL,1,477
2018-09-28T00:00:00.000-04:00,Chicago IL,5,2126.5
2018-09-29T00:00:00.000-04:00,Chicago IL,5,2127.5
2018-09-30T00:00:00.000-04:00,Chicago IL,3,1538.75
2018-10-01T00:00:00.000-04:00,Chicago IL,3,1269.25
2018-10-02T00:00:00.000-04:00,Chicago IL,2,402
2018-10-03T00:00:00.000-04:00,Chicago IL,2,1399.5
2018-10-06T00:00:00.000-04:00,Chicago IL,1,495.25
2018-10-07T00:00:00.000-04:00,Chicago IL,2,401
2018-10-09T00:00:00.000-04:00,Chicago IL,1,500
2018-10-10T00:00:00.000-04:00,Chicago IL,2,641
2018-10-15T00:00:00.000-04:00,Chicago IL,1,1171
2018-10-17T00:00:00.000-04:00,Chicago IL,2,775
2018-10-19T00:00:00.000-04:00,Chicago IL,3,1626.5
2018-10-25T00:00:00.000-04:00,Chicago IL,3,770
2018-10-26T00:00:00.000-04:00,Chicago IL,2,552
2018-10-28T00:00:00.000-04:00,Chicago IL,4,1318
2018-10-29T00:00:00.000-04:00,Chicago IL,2,711
2018-10-30T00:00:00.000-04:00,Chicago IL,2,705.5
2018-10-31T00:00:00.000-04:00,Chicago IL,2,2299
2018-11-01T00:00:00.000-04:00,Chicago IL,3,1296.5
2018-11-02T00:00:00.000-04:00,Chicago IL,1,795.75
2018-11-04T00:00:00.000-04:00,Chicago IL,1,521.75
2018-11-07T00:00:00.000-05:00,Chicago IL,2,1359.25
2018-11-09T00:00:00.000-05:00,Chicago IL,2,647
2018-11-14T00:00:00.000-05:00,Chicago IL,2,899
2018-11-15T00:00:00.000-05:00,Chicago IL,1,486.5
2018-11-16T00:00:00.000-05:00,Chicago IL,3,1285.75
2018-11-17T00:00:00.000-05:00,Chicago IL,2,2142.5
2018-11-18T00:00:00.000-05:00,Chicago IL,3,880.75
2018-11-20T00:00:00.000-05:00,Chicago IL,1,598.75
2018-11-25T00:00:00.000-05:00,Chicago IL,1,728
2018-11-28T00:00:00.000-05:00,Chicago IL,3,1583
2018-11-29T00:00:00.000-05:00,Chicago IL,1,507
2018-11-30T00:00:00.000-05:00,Chicago IL,3,3042.75
2018-12-01T00:00:00.000-05:00,Chicago IL,2,2297.5
2018-12-02T00:00:00.000-05:00,Chicago IL,2,759.25
2018-12-03T00:00:00.000-05:00,Chicago IL,2,634.75
2018-12-09T00:00:00.000-05:00,Chicago IL,2,757.5
2018-12-10T00:00:00.000-05:00,Chicago IL,2,783
2018-12-13T00:00:00.000-05:00,Chicago IL,2,941
2018-12-16T00:00:00.000-05:00,Chicago IL,3,2294.75
2018-12-18T00:00:00.000-05:00,Chicago IL,1,1083
2018-12-20T00:00:00.000-05:00,Chicago IL,2,700.5
2018-12-21T00:00:00.000-05:00,Chicago IL,1,398.25
2018-12-23T00:00:00.000-05:00,Chicago IL,2,741.75
2018-12-27T00:00:00.000-05:00,Chicago IL,1,422.25
2018-12-28T00:00:00.000-05:00,Chicago IL,1,783
2019-01-02T00:00:00.000-05:00,Chicago IL,3,1342.25
2019-01-03T00:00:00.000-05:00,Chicago IL,3,3102.5
2019-01-04T00:00:00.000-05:00,Chicago IL,3,1180
2019-01-07T00:00:00.000-05:00,Chicago IL,1,396
2019-01-10T00:00:00.000-05:00,Chicago IL,2,559
2019-01-11T00:00:00.000-05:00,Chicago IL,2,1080
2019-01-12T00:00:00.000-05:00,Chicago IL,4,2038.25
2019-01-13T00:00:00.000-05:00,Chicago IL,1,440
2019-01-15T00:00:00.000-05:00,Chicago IL,1,480.75
2019-01-17T00:00:00.000-05:00,Chicago IL,1,461.25
2019-01-20T00:00:00.000-05:00,Chicago IL,2,597.25
2019-01-26T00:00:00.000-05:00,Chicago IL,2,1096
2019-01-27T00:00:00.000-05:00,Chicago IL,5,884.5
2019-01-28T00:00:00.000-05:00,Chicago IL,1,484.75
2019-01-31T00:00:00.000-05:00,Chicago IL,1,1223.75
2019-02-01T00:00:00.000-05:00,Chicago IL,1,671.25
2019-02-02T00:00:00.000-05:00,Chicago IL,1,426
2019-02-04T00:00:00.000-05:00,Chicago IL,3,827.5
2019-02-05T00:00:00.000-05:00,Chicago IL,2,1119.75
2019-02-06T00:00:00.000-05:00,Chicago IL,1,410.5
2019-02-08T00:00:00.000-05:00,Chicago IL,2,761
2019-02-16T00:00:00.000-05:00,Chicago IL,2,416
2018-03-25T00:00:00.000-04:00,"Chicago, IL",2,322.5
2018-03-26T00:00:00.000-04:00,"Chicago, IL",2,344
2018-03-27T00:00:00.000-04:00,"Chicago, IL",1,382.25
2018-03-31T00:00:00.000-04:00,"Chicago, IL",1,120
2018-04-06T00:00:00.000-04:00,"Chicago, IL",1,367.75
2018-04-07T00:00:00.000-04:00,"Chicago, IL",1,270
2018-04-10T00:00:00.000-04:00,"Chicago, IL",1,119
2018-04-16T00:00:00.000-04:00,"Chicago, IL",1,348
2018-04-17T00:00:00.000-04:00,"Chicago, IL",1,99
2018-04-23T00:00:00.000-04:00,"Chicago, IL",1,247.5
2018-04-30T00:00:00.000-04:00,"Chicago, IL",10,3349.5
2018-05-05T00:00:00.000-04:00,"Chicago, IL",6,3196.5
2018-05-09T00:00:00.000-04:00,"Chicago, IL",1,282.75
2018-05-17T00:00:00.000-04:00,"Chicago, IL",1,322.5
2018-05-26T00:00:00.000-04:00,"Chicago, IL",6,3342.25
2018-05-27T00:00:00.000-04:00,"Chicago, IL",8,4019
2018-06-01T00:00:00.000-04:00,"Chicago, IL",11,3752.5
2018-06-02T00:00:00.000-04:00,"Chicago, IL",9,3579.25
2018-06-09T00:00:00.000-04:00,"Chicago, IL",4,3224.75
2018-06-15T00:00:00.000-04:00,"Chicago, IL",6,3909.75
2018-06-27T00:00:00.000-04:00,"Chicago, IL",7,3404.25
2018-06-28T00:00:00.000-04:00,"Chicago, IL",12,4575.75
2018-06-29T00:00:00.000-04:00,"Chicago, IL",24,11326
2018-06-30T00:00:00.000-04:00,"Chicago, IL",19,12339.25
2018-07-01T00:00:00.000-04:00,"Chicago, IL",12,7331.75
2018-07-02T00:00:00.000-04:00,"Chicago, IL",11,4425.5
2018-07-06T00:00:00.000-04:00,"Chicago, IL",7,3550.75
2018-07-09T00:00:00.000-04:00,"Chicago, IL",2,232.75
2018-07-12T00:00:00.000-04:00,"Chicago, IL",2,387
2018-07-15T00:00:00.000-04:00,"Chicago, IL",8,3680.25
2018-07-16T00:00:00.000-04:00,"Chicago, IL",8,4009
2018-07-26T00:00:00.000-04:00,"Chicago, IL",7,3928.75
2018-07-27T00:00:00.000-04:00,"Chicago, IL",11,5073.75
2018-07-28T00:00:00.000-04:00,"Chicago, IL",19,9385.75
2018-07-29T00:00:00.000-04:00,"Chicago, IL",15,6526.25
2018-07-30T00:00:00.000-04:00,"Chicago, IL",15,5842.25
2018-07-31T00:00:00.000-04:00,"Chicago, IL",17,9144.25
2018-08-01T00:00:00.000-04:00,"Chicago, IL",15,6733.5
2018-08-02T00:00:00.000-04:00,"Chicago, IL",8,3190
2018-08-25T00:00:00.000-04:00,"Chicago, IL",4,3176.5
2018-08-29T00:00:00.000-04:00,"Chicago, IL",11,3983.75
2018-08-30T00:00:00.000-04:00,"Chicago, IL",6,3515.5
2018-08-31T00:00:00.000-04:00,"Chicago, IL",13,5622.5
2018-09-01T00:00:00.000-04:00,"Chicago, IL",13,4380.5
2018-09-11T00:00:00.000-04:00,"Chicago, IL",1,99
2018-09-18T00:00:00.000-04:00,"Chicago, IL",1,347.5
2018-09-20T00:00:00.000-04:00,"Chicago, IL",2,262
2018-09-22T00:00:00.000-04:00,"Chicago, IL",1,338
2018-09-23T00:00:00.000-04:00,"Chicago, IL",1,64
2018-09-26T00:00:00.000-04:00,"Chicago, IL",2,248
2018-10-08T00:00:00.000-04:00,"Chicago, IL",2,380
2018-10-13T00:00:00.000-04:00,"Chicago, IL",1,355.25
2018-10-16T00:00:00.000-04:00,"Chicago, IL",1,59
2018-10-22T00:00:00.000-04:00,"Chicago, IL",1,123.75
2018-10-23T00:00:00.000-04:00,"Chicago, IL",1,198
2018-10-24T00:00:00.000-04:00,"Chicago, IL",1,148.5
2018-10-27T00:00:00.000-04:00,"Chicago, IL",2,218
2018-11-10T00:00:00.000-05:00,"Chicago, IL",1,190.75
2018-11-13T00:00:00.000-05:00,"Chicago, IL",1,338
2018-12-05T00:00:00.000-05:00,"Chicago, IL",1,99
2018-12-11T00:00:00.000-05:00,"Chicago, IL",2,372
2018-12-12T00:00:00.000-05:00,"Chicago, IL",1,258
2018-12-14T00:00:00.000-05:00,"Chicago, IL",2,222.75
2018-12-15T00:00:00.000-05:00,"Chicago, IL",1,318
2018-12-19T00:00:00.000-05:00,"Chicago, IL",1,337
2018-12-30T00:00:00.000-05:00,"Chicago, IL",1,121
2018-12-31T00:00:00.000-05:00,"Chicago, IL",1,211.5
2019-01-05T00:00:00.000-05:00,"Chicago, IL",1,286
2019-01-06T00:00:00.000-05:00,"Chicago, IL",1,380.75
2019-01-14T00:00:00.000-05:00,"Chicago, IL",1,94
2019-01-16T00:00:00.000-05:00,"Chicago, IL",1,188
2019-01-19T00:00:00.000-05:00,"Chicago, IL",1,240
2019-01-21T00:00:00.000-05:00,"Chicago, IL",1,188
2019-01-22T00:00:00.000-05:00,"Chicago, IL",1,238
2019-01-23T00:00:00.000-05:00,"Chicago, IL",1,164.5
2019-02-07T00:00:00.000-05:00,"Chicago, IL",1,387.25
2019-02-09T00:00:00.000-05:00,"Chicago, IL",1,104
2019-02-13T00:00:00.000-05:00,"Chicago, IL",1,319
2019-01-17T00:00:00.000-05:00,Miami FL,2,560.25
2019-01-21T00:00:00.000-05:00,Miami FL,2,531.25
2019-01-28T00:00:00.000-05:00,Miami FL,2,1060
2019-01-30T00:00:00.000-05:00,Miami FL,2,1237.25
2019-01-31T00:00:00.000-05:00,Miami FL,3,1877
2019-02-01T00:00:00.000-05:00,Miami FL,2,487.5
2019-02-02T00:00:00.000-05:00,Miami FL,1,417
2019-02-07T00:00:00.000-05:00,Miami FL,1,826.75
2019-02-12T00:00:00.000-05:00,Miami FL,1,937
2019-01-09T00:00:00.000-05:00,"Miami, FL",1,158
2019-01-11T00:00:00.000-05:00,"Miami, FL",1,248
2019-01-15T00:00:00.000-05:00,"Miami, FL",1,355.5
2019-01-18T00:00:00.000-05:00,"Miami, FL",1,84
2019-01-26T00:00:00.000-05:00,"Miami, FL",1,317
2019-02-04T00:00:00.000-05:00,"Miami, FL",1,158
2019-02-05T00:00:00.000-05:00,"Miami, FL",1,79
2019-02-13T00:00:00.000-05:00,"Miami, FL",1,79
2019-02-14T00:00:00.000-05:00,"Miami, FL",1,276.5
2018-09-18T00:00:00.000-04:00,Orlando FL,1,636
2018-09-20T00:00:00.000-04:00,Orlando FL,3,1077.75
2018-09-22T00:00:00.000-04:00,Orlando FL,2,1636
2018-09-23T00:00:00.000-04:00,Orlando FL,3,552.75
2018-09-28T00:00:00.000-04:00,Orlando FL,2,1138
2018-09-29T00:00:00.000-04:00,Orlando FL,2,1479.25
2018-09-30T00:00:00.000-04:00,Orlando FL,2,709.5
2018-10-01T00:00:00.000-04:00,Orlando FL,2,1351.25
2018-10-04T00:00:00.000-04:00,Orlando FL,2,485.5
2018-10-05T00:00:00.000-04:00,Orlando FL,2,547
2018-10-08T00:00:00.000-04:00,Orlando FL,2,530.75
2018-10-11T00:00:00.000-04:00,Orlando FL,2,973.5
2018-10-12T00:00:00.000-04:00,Orlando FL,3,1598.5
2018-10-13T00:00:00.000-04:00,Orlando FL,1,1500
2018-10-14T00:00:00.000-04:00,Orlando FL,3,655
2018-10-15T00:00:00.000-04:00,Orlando FL,1,900
2018-10-17T00:00:00.000-04:00,Orlando FL,3,1547.5
2018-10-18T00:00:00.000-04:00,Orlando FL,2,1472.5
2018-10-19T00:00:00.000-04:00,Orlando FL,3,2228
2018-10-20T00:00:00.000-04:00,Orlando FL,3,1630.75
2018-10-21T00:00:00.000-04:00,Orlando FL,2,973.5
2018-10-22T00:00:00.000-04:00,Orlando FL,1,900
2018-10-24T00:00:00.000-04:00,Orlando FL,2,1468
2018-10-27T00:00:00.000-04:00,Orlando FL,3,985.75
2018-10-28T00:00:00.000-04:00,Orlando FL,4,2268.75
2018-10-29T00:00:00.000-04:00,Orlando FL,5,2680
2018-10-31T00:00:00.000-04:00,Orlando FL,2,800
2018-11-01T00:00:00.000-04:00,Orlando FL,3,1922.25
2018-11-03T00:00:00.000-04:00,Orlando FL,3,1007.5
2018-11-04T00:00:00.000-04:00,Orlando FL,1,611.5
2018-11-06T00:00:00.000-05:00,Orlando FL,1,800
2018-11-07T00:00:00.000-05:00,Orlando FL,2,939
2018-11-08T00:00:00.000-05:00,Orlando FL,3,1162.75
2018-11-09T00:00:00.000-05:00,Orlando FL,2,576
2018-11-10T00:00:00.000-05:00,Orlando FL,4,1835.5
2018-11-13T00:00:00.000-05:00,Orlando FL,1,492.25
2018-11-14T00:00:00.000-05:00,Orlando FL,1,2273
2018-11-15T00:00:00.000-05:00,Orlando FL,1,800
2018-11-16T00:00:00.000-05:00,Orlando FL,1,800
2018-11-17T00:00:00.000-05:00,Orlando FL,3,2392.5
2018-11-18T00:00:00.000-05:00,Orlando FL,2,1600
2018-11-19T00:00:00.000-05:00,Orlando FL,2,550.5
2018-11-21T00:00:00.000-05:00,Orlando FL,2,1456.75
2018-11-24T00:00:00.000-05:00,Orlando FL,1,436
2018-11-26T00:00:00.000-05:00,Orlando FL,3,1183.5
2018-11-27T00:00:00.000-05:00,Orlando FL,2,998
2018-11-29T00:00:00.000-05:00,Orlando FL,4,1171.75
2018-11-30T00:00:00.000-05:00,Orlando FL,4,2519.25
2018-12-01T00:00:00.000-05:00,Orlando FL,3,1339
2018-12-02T00:00:00.000-05:00,Orlando FL,1,800
2018-12-06T00:00:00.000-05:00,Orlando FL,1,800
2018-12-07T00:00:00.000-05:00,Orlando FL,2,930
2018-12-09T00:00:00.000-05:00,Orlando FL,1,411.75
2018-12-11T00:00:00.000-05:00,Orlando FL,1,516.75
2018-12-12T00:00:00.000-05:00,Orlando FL,1,556
2018-12-13T00:00:00.000-05:00,Orlando FL,1,800
2018-12-14T00:00:00.000-05:00,Orlando FL,2,682.75
2018-12-15T00:00:00.000-05:00,Orlando FL,2,1613.25
2018-12-16T00:00:00.000-05:00,Orlando FL,3,2902.75
2018-12-17T00:00:00.000-05:00,Orlando FL,3,811.5
2018-12-20T00:00:00.000-05:00,Orlando FL,1,1150
2018-12-21T00:00:00.000-05:00,Orlando FL,3,1434
2018-12-22T00:00:00.000-05:00,Orlando FL,2,978.25
2018-12-26T00:00:00.000-05:00,Orlando FL,1,800
2018-12-27T00:00:00.000-05:00,Orlando FL,4,2203.75
2018-12-28T00:00:00.000-05:00,Orlando FL,3,1569
2018-12-29T00:00:00.000-05:00,Orlando FL,2,1448
2018-12-30T00:00:00.000-05:00,Orlando FL,5,1661.75
2019-01-04T00:00:00.000-05:00,Orlando FL,3,555.25
2019-01-06T00:00:00.000-05:00,Orlando FL,1,437
2019-01-07T00:00:00.000-05:00,Orlando FL,1,800
2019-01-09T00:00:00.000-05:00,Orlando FL,1,800
2019-01-11T00:00:00.000-05:00,Orlando FL,3,619.25
2019-01-12T00:00:00.000-05:00,Orlando FL,4,1563
2019-01-13T00:00:00.000-05:00,Orlando FL,1,750.75
2019-01-14T00:00:00.000-05:00,Orlando FL,1,1150
2019-01-15T00:00:00.000-05:00,Orlando FL,2,889
2019-01-17T00:00:00.000-05:00,Orlando FL,2,1600
2019-01-18T00:00:00.000-05:00,Orlando FL,1,494.75
2019-01-19T00:00:00.000-05:00,Orlando FL,3,1511.75
2019-01-20T00:00:00.000-05:00,Orlando FL,2,704.25
2019-01-24T00:00:00.000-05:00,Orlando FL,1,800
2019-01-25T00:00:00.000-05:00,Orlando FL,3,1966.5
2019-01-26T00:00:00.000-05:00,Orlando FL,2,1263
2019-01-30T00:00:00.000-05:00,Orlando FL,1,800
2019-02-01T00:00:00.000-05:00,Orlando FL,2,439.25
2019-02-02T00:00:00.000-05:00,Orlando FL,2,663.25
2019-02-03T00:00:00.000-05:00,Orlando FL,1,800
2019-02-06T00:00:00.000-05:00,Orlando FL,1,554.75
2019-02-07T00:00:00.000-05:00,Orlando FL,2,697.25
2019-02-15T00:00:00.000-05:00,Orlando FL,2,1415
2018-09-19T00:00:00.000-04:00,"Orlando, FL",1,290.25
2018-09-24T00:00:00.000-04:00,"Orlando, FL",1,307
2018-10-02T00:00:00.000-04:00,"Orlando, FL",1,258
2018-10-09T00:00:00.000-04:00,"Orlando, FL",1,73.75
2018-10-23T00:00:00.000-04:00,"Orlando, FL",3,3458.25
2018-10-25T00:00:00.000-04:00,"Orlando, FL",1,0
2018-10-26T00:00:00.000-04:00,"Orlando, FL",1,308
2018-11-23T00:00:00.000-05:00,"Orlando, FL",1,104
2018-11-25T00:00:00.000-05:00,"Orlando, FL",1,354.75
2018-11-28T00:00:00.000-05:00,"Orlando, FL",1,99
2018-12-03T00:00:00.000-05:00,"Orlando, FL",1,99
2018-12-08T00:00:00.000-05:00,"Orlando, FL",2,327
2018-12-18T00:00:00.000-05:00,"Orlando, FL",1,148.5
2018-12-19T00:00:00.000-05:00,"Orlando, FL",1,338
2018-12-23T00:00:00.000-05:00,"Orlando, FL",1,243.25
2019-01-03T00:00:00.000-05:00,"Orlando, FL",1,232.75
2019-01-08T00:00:00.000-05:00,"Orlando, FL",1,228
2019-01-21T00:00:00.000-05:00,"Orlando, FL",2,369.25
2019-01-23T00:00:00.000-05:00,"Orlando, FL",2,267
2019-01-27T00:00:00.000-05:00,"Orlando, FL",1,378.75
2019-01-29T00:00:00.000-05:00,"Orlando, FL",1,89
2019-01-31T00:00:00.000-05:00,"Orlando, FL",1,244.75
2019-02-13T00:00:00.000-05:00,"Orlando, FL",1,89
2018-11-10T00:00:00.000-05:00,Philadelphia PA,2,467
2018-11-11T00:00:00.000-05:00,Philadelphia PA,2,421.5
2018-11-15T00:00:00.000-05:00,Philadelphia PA,1,675.75
2018-11-18T00:00:00.000-05:00,Philadelphia PA,2,456
2018-11-24T00:00:00.000-05:00,Philadelphia PA,1,437
2018-11-26T00:00:00.000-05:00,Philadelphia PA,1,397.5
2018-11-30T00:00:00.000-05:00,Philadelphia PA,3,572
2018-12-01T00:00:00.000-05:00,Philadelphia PA,2,930.25
2018-12-14T00:00:00.000-05:00,Philadelphia PA,3,993.5
2018-12-21T00:00:00.000-05:00,Philadelphia PA,1,427
2018-12-22T00:00:00.000-05:00,Philadelphia PA,1,583.25
2018-12-27T00:00:00.000-05:00,Philadelphia PA,1,501.75
2018-12-30T00:00:00.000-05:00,Philadelphia PA,2,814.75
2019-01-06T00:00:00.000-05:00,Philadelphia PA,3,1883.5
2019-01-18T00:00:00.000-05:00,Philadelphia PA,1,683
2019-01-25T00:00:00.000-05:00,Philadelphia PA,2,813
2019-01-26T00:00:00.000-05:00,Philadelphia PA,2,568.75
2019-01-27T00:00:00.000-05:00,Philadelphia PA,2,577.25
2019-02-01T00:00:00.000-05:00,Philadelphia PA,3,1270
2019-02-02T00:00:00.000-05:00,Philadelphia PA,3,1125.5
2019-02-04T00:00:00.000-05:00,Philadelphia PA,2,718
2019-02-07T00:00:00.000-05:00,Philadelphia PA,2,1065.5
2019-02-10T00:00:00.000-05:00,Philadelphia PA,2,619.5
2019-02-14T00:00:00.000-05:00,Philadelphia PA,1,397.5
2018-11-14T00:00:00.000-05:00,"Philadelphia, PA",1,99
2018-11-16T00:00:00.000-05:00,"Philadelphia, PA",1,104
2018-11-17T00:00:00.000-05:00,"Philadelphia, PA",1,109
2018-11-19T00:00:00.000-05:00,"Philadelphia, PA",1,272.25
2018-11-21T00:00:00.000-05:00,"Philadelphia, PA",1,99
2018-11-28T00:00:00.000-05:00,"Philadelphia, PA",1,99
2018-11-29T00:00:00.000-05:00,"Philadelphia, PA",1,258
2018-12-02T00:00:00.000-05:00,"Philadelphia, PA",2,297
2018-12-05T00:00:00.000-05:00,"Philadelphia, PA",1,198
2018-12-07T00:00:00.000-05:00,"Philadelphia, PA",1,190
2018-12-08T00:00:00.000-05:00,"Philadelphia, PA",1,381.5
2018-12-10T00:00:00.000-05:00,"Philadelphia, PA",1,340
2018-12-15T00:00:00.000-05:00,"Philadelphia, PA",1,272.5
2018-12-18T00:00:00.000-05:00,"Philadelphia, PA",1,184.5
2018-12-23T00:00:00.000-05:00,"Philadelphia, PA",1,387.25
2019-01-02T00:00:00.000-05:00,"Philadelphia, PA",1,98.75
2019-01-07T00:00:00.000-05:00,"Philadelphia, PA",1,118.5
2019-01-09T00:00:00.000-05:00,"Philadelphia, PA",1,79
2019-01-11T00:00:00.000-05:00,"Philadelphia, PA",1,314.5
2019-01-12T00:00:00.000-05:00,"Philadelphia, PA",1,222.5
2019-01-13T00:00:00.000-05:00,"Philadelphia, PA",1,356.5
2019-01-22T00:00:00.000-05:00,"Philadelphia, PA",1,138.25
2019-01-24T00:00:00.000-05:00,"Philadelphia, PA",1,119
2019-01-31T00:00:00.000-05:00,"Philadelphia, PA",1,327.25
2019-02-03T00:00:00.000-05:00,"Philadelphia, PA",1,316
2019-02-09T00:00:00.000-05:00,"Philadelphia, PA",1,89
2018-04-30T00:00:00.000-04:00,Phoenix AZ,1,451.5
2018-05-01T00:00:00.000-04:00,Phoenix AZ,1,1171.5
2018-05-05T00:00:00.000-04:00,Phoenix AZ,2,408.75
2018-05-07T00:00:00.000-04:00,Phoenix AZ,1,799.25
2018-05-12T00:00:00.000-04:00,Phoenix AZ,1,653.25
2018-05-13T00:00:00.000-04:00,Phoenix AZ,2,538
2018-05-14T00:00:00.000-04:00,Phoenix AZ,3,823.75
2018-05-15T00:00:00.000-04:00,Phoenix AZ,2,681.5
2018-05-16T00:00:00.000-04:00,Phoenix AZ,4,415
2018-05-17T00:00:00.000-04:00,Phoenix AZ,1,605.25
2018-05-19T00:00:00.000-04:00,Phoenix AZ,1,429.75
2018-05-22T00:00:00.000-04:00,Phoenix AZ,1,421.75
2018-05-24T00:00:00.000-04:00,Phoenix AZ,1,1063.75
2018-05-25T00:00:00.000-04:00,Phoenix AZ,2,1154.75
2018-05-26T00:00:00.000-04:00,Phoenix AZ,2,1104.75
2018-05-27T00:00:00.000-04:00,Phoenix AZ,3,2019.25
2018-05-28T00:00:00.000-04:00,Phoenix AZ,4,915.75
2018-05-29T00:00:00.000-04:00,Phoenix AZ,3,808
2018-05-30T00:00:00.000-04:00,Phoenix AZ,2,391.75
2018-05-31T00:00:00.000-04:00,Phoenix AZ,3,1100
2018-06-01T00:00:00.000-04:00,Phoenix AZ,4,1684
2018-06-02T00:00:00.000-04:00,Phoenix AZ,4,1296.25
2018-06-03T00:00:00.000-04:00,Phoenix AZ,3,1152.25
2018-06-04T00:00:00.000-04:00,Phoenix AZ,3,804
2018-06-07T00:00:00.000-04:00,Phoenix AZ,2,625
2018-06-08T00:00:00.000-04:00,Phoenix AZ,2,627.75
2018-06-10T00:00:00.000-04:00,Phoenix AZ,1,417
2018-06-11T00:00:00.000-04:00,Phoenix AZ,1,708.75
2018-06-12T00:00:00.000-04:00,Phoenix AZ,2,679.5
2018-06-15T00:00:00.000-04:00,Phoenix AZ,1,546
2018-06-16T00:00:00.000-04:00,Phoenix AZ,4,1209.25
2018-06-17T00:00:00.000-04:00,Phoenix AZ,3,615
2018-06-19T00:00:00.000-04:00,Phoenix AZ,4,1039.75
2018-06-20T00:00:00.000-04:00,Phoenix AZ,2,1428.5
2018-06-21T00:00:00.000-04:00,Phoenix AZ,4,1100.5
2018-06-22T00:00:00.000-04:00,Phoenix AZ,3,714
2018-06-26T00:00:00.000-04:00,Phoenix AZ,3,529.25
2018-06-27T00:00:00.000-04:00,Phoenix AZ,4,1305.5
2018-06-28T00:00:00.000-04:00,Phoenix AZ,4,1948.75
2018-06-29T00:00:00.000-04:00,Phoenix AZ,6,2361.25
2018-06-30T00:00:00.000-04:00,Phoenix AZ,4,1699.25
2018-07-02T00:00:00.000-04:00,Phoenix AZ,1,1513
2018-07-05T00:00:00.000-04:00,Phoenix AZ,2,630.75
2018-07-06T00:00:00.000-04:00,Phoenix AZ,2,636
2018-07-07T00:00:00.000-04:00,Phoenix AZ,3,476
2018-07-08T00:00:00.000-04:00,Phoenix AZ,2,463.5
2018-07-09T00:00:00.000-04:00,Phoenix AZ,2,1107.75
2018-07-10T00:00:00.000-04:00,Phoenix AZ,5,812.5
2018-07-11T00:00:00.000-04:00,Phoenix AZ,2,730.25
2018-07-12T00:00:00.000-04:00,Phoenix AZ,5,1602.75
2018-07-13T00:00:00.000-04:00,Phoenix AZ,5,2390
2018-07-14T00:00:00.000-04:00,Phoenix AZ,5,2512.5
2018-07-15T00:00:00.000-04:00,Phoenix AZ,3,1640
2018-07-16T00:00:00.000-04:00,Phoenix AZ,4,1465
2018-07-18T00:00:00.000-04:00,Phoenix AZ,4,2067
2018-07-19T00:00:00.000-04:00,Phoenix AZ,5,1379
2018-07-21T00:00:00.000-04:00,Phoenix AZ,4,1481.5
2018-07-22T00:00:00.000-04:00,Phoenix AZ,5,1649
2018-07-23T00:00:00.000-04:00,Phoenix AZ,2,570.25
2018-07-24T00:00:00.000-04:00,Phoenix AZ,3,595.5
2018-07-25T00:00:00.000-04:00,Phoenix AZ,4,2032.25
2018-07-26T00:00:00.000-04:00,Phoenix AZ,3,1087
2018-07-27T00:00:00.000-04:00,Phoenix AZ,6,1869.5
2018-07-28T00:00:00.000-04:00,Phoenix AZ,4,1570.5
2018-07-29T00:00:00.000-04:00,Phoenix AZ,3,964
2018-07-30T00:00:00.000-04:00,Phoenix AZ,4,937.25
2018-07-31T00:00:00.000-04:00,Phoenix AZ,3,797.25
2018-08-01T00:00:00.000-04:00,Phoenix AZ,2,982.25
2018-08-02T00:00:00.000-04:00,Phoenix AZ,5,1446.25
2018-08-03T00:00:00.000-04:00,Phoenix AZ,5,1076
2018-08-04T00:00:00.000-04:00,Phoenix AZ,2,519
2018-08-05T00:00:00.000-04:00,Phoenix AZ,3,1168.75
2018-08-06T00:00:00.000-04:00,Phoenix AZ,1,584
2018-08-07T00:00:00.000-04:00,Phoenix AZ,3,1986.5
2018-08-08T00:00:00.000-04:00,Phoenix AZ,4,1080.75
2018-08-09T00:00:00.000-04:00,Phoenix AZ,1,417
2018-08-10T00:00:00.000-04:00,Phoenix AZ,2,684
2018-08-11T00:00:00.000-04:00,Phoenix AZ,4,2063.25
2018-08-12T00:00:00.000-04:00,Phoenix AZ,3,1387
2018-08-13T00:00:00.000-04:00,Phoenix AZ,2,467
2018-08-15T00:00:00.000-04:00,Phoenix AZ,4,1985.25
2018-08-16T00:00:00.000-04:00,Phoenix AZ,3,1171.25
2018-08-17T00:00:00.000-04:00,Phoenix AZ,3,2316
2018-08-21T00:00:00.000-04:00,Phoenix AZ,2,1579.75
2018-08-22T00:00:00.000-04:00,Phoenix AZ,2,1208.25
2018-08-23T00:00:00.000-04:00,Phoenix AZ,2,888.5
2018-08-24T00:00:00.000-04:00,Phoenix AZ,1,1150
2018-08-25T00:00:00.000-04:00,Phoenix AZ,6,2193.25
2018-08-26T00:00:00.000-04:00,Phoenix AZ,5,2674
2018-08-27T00:00:00.000-04:00,Phoenix AZ,3,1081.5
2018-08-28T00:00:00.000-04:00,Phoenix AZ,3,949.25
2018-08-29T00:00:00.000-04:00,Phoenix AZ,2,1249
2018-08-31T00:00:00.000-04:00,Phoenix AZ,2,904
2018-09-01T00:00:00.000-04:00,Phoenix AZ,4,2776.75
2018-09-02T00:00:00.000-04:00,Phoenix AZ,2,1743.75
2018-09-04T00:00:00.000-04:00,Phoenix AZ,2,1058
2018-09-05T00:00:00.000-04:00,Phoenix AZ,2,1458.5
2018-09-06T00:00:00.000-04:00,Phoenix AZ,1,1150
2018-09-07T00:00:00.000-04:00,Phoenix AZ,4,2158
2018-09-09T00:00:00.000-04:00,Phoenix AZ,2,1289
2018-09-10T00:00:00.000-04:00,Phoenix AZ,2,2500
2018-09-11T00:00:00.000-04:00,Phoenix AZ,2,909
2018-09-12T00:00:00.000-04:00,Phoenix AZ,2,1058
2018-09-13T00:00:00.000-04:00,Phoenix AZ,2,768.75
2018-09-14T00:00:00.000-04:00,Phoenix AZ,3,1744
2018-09-15T00:00:00.000-04:00,Phoenix AZ,3,2069
2018-09-16T00:00:00.000-04:00,Phoenix AZ,3,2758
2018-09-18T00:00:00.000-04:00,Phoenix AZ,1,477
2018-09-19T00:00:00.000-04:00,Phoenix AZ,2,1528
2018-09-20T00:00:00.000-04:00,Phoenix AZ,2,588
2018-09-21T00:00:00.000-04:00,Phoenix AZ,2,2050
2018-09-22T00:00:00.000-04:00,Phoenix AZ,7,2921
2018-09-23T00:00:00.000-04:00,Phoenix AZ,4,2145.5
2018-09-24T00:00:00.000-04:00,Phoenix AZ,3,1918
2018-09-25T00:00:00.000-04:00,Phoenix AZ,2,1190
2018-09-26T00:00:00.000-04:00,Phoenix AZ,2,1950
2018-09-27T00:00:00.000-04:00,Phoenix AZ,1,1150
2018-09-30T00:00:00.000-04:00,Phoenix AZ,3,1274.25
2018-10-01T00:00:00.000-04:00,Phoenix AZ,4,1947.75
2018-10-03T00:00:00.000-04:00,Phoenix AZ,4,2715.5
2018-10-04T00:00:00.000-04:00,Phoenix AZ,3,1868
2018-10-05T00:00:00.000-04:00,Phoenix AZ,3,2750
2018-10-06T00:00:00.000-04:00,Phoenix AZ,2,1319
2018-10-12T00:00:00.000-04:00,Phoenix AZ,3,2194
2018-10-13T00:00:00.000-04:00,Phoenix AZ,5,2160.75
2018-10-14T00:00:00.000-04:00,Phoenix AZ,2,1022.75
2018-10-15T00:00:00.000-04:00,Phoenix AZ,4,2722.5
2018-10-16T00:00:00.000-04:00,Phoenix AZ,1,1150
2018-10-18T00:00:00.000-04:00,Phoenix AZ,2,1700
2018-10-19T00:00:00.000-04:00,Phoenix AZ,2,2050
2018-10-20T00:00:00.000-04:00,Phoenix AZ,4,2837.25
2018-10-21T00:00:00.000-04:00,Phoenix AZ,5,2165.5
2018-10-22T00:00:00.000-04:00,Phoenix AZ,3,657.25
2018-10-23T00:00:00.000-04:00,Phoenix AZ,3,2030.75
2018-10-24T00:00:00.000-04:00,Phoenix AZ,1,1150
2018-10-25T00:00:00.000-04:00,Phoenix AZ,4,2272.75
2018-10-26T00:00:00.000-04:00,Phoenix AZ,4,2688
2018-10-29T00:00:00.000-04:00,Phoenix AZ,2,1600
2018-10-31T00:00:00.000-04:00,Phoenix AZ,3,2598
2018-11-01T00:00:00.000-04:00,Phoenix AZ,3,2728
2018-11-02T00:00:00.000-04:00,Phoenix AZ,2,1215
2018-11-04T00:00:00.000-04:00,Phoenix AZ,6,3000
2018-11-05T00:00:00.000-05:00,Phoenix AZ,2,899
2018-11-06T00:00:00.000-05:00,Phoenix AZ,1,1039.5
2018-11-07T00:00:00.000-05:00,Phoenix AZ,3,2774.75
2018-11-08T00:00:00.000-05:00,Phoenix AZ,2,1078
2018-11-09T00:00:00.000-05:00,Phoenix AZ,5,3044
2018-11-10T00:00:00.000-05:00,Phoenix AZ,2,407
2018-11-11T00:00:00.000-05:00,Phoenix AZ,2,636
2018-11-12T00:00:00.000-05:00,Phoenix AZ,2,1172.75
2018-11-15T00:00:00.000-05:00,Phoenix AZ,3,2176.25
2018-11-16T00:00:00.000-05:00,Phoenix AZ,4,2497.25
2018-11-19T00:00:00.000-05:00,Phoenix AZ,2,1547.5
2018-11-20T00:00:00.000-05:00,Phoenix AZ,4,2200.5
2018-11-23T00:00:00.000-05:00,Phoenix AZ,3,1525
2018-11-25T00:00:00.000-05:00,Phoenix AZ,4,2495.75
2018-11-27T00:00:00.000-05:00,Phoenix AZ,2,1735.25
2018-11-28T00:00:00.000-05:00,Phoenix AZ,3,2308
2018-11-29T00:00:00.000-05:00,Phoenix AZ,2,1547
2018-12-03T00:00:00.000-05:00,Phoenix AZ,3,1657
2018-12-04T00:00:00.000-05:00,Phoenix AZ,2,706
2018-12-05T00:00:00.000-05:00,Phoenix AZ,4,3046
2018-12-06T00:00:00.000-05:00,Phoenix AZ,2,1633.75
2018-12-08T00:00:00.000-05:00,Phoenix AZ,4,2367
2018-12-09T00:00:00.000-05:00,Phoenix AZ,2,1950
2018-12-10T00:00:00.000-05:00,Phoenix AZ,1,645
2018-12-11T00:00:00.000-05:00,Phoenix AZ,2,879
2018-12-12T00:00:00.000-05:00,Phoenix AZ,1,1250
2018-12-13T00:00:00.000-05:00,Phoenix AZ,2,2500
2018-12-14T00:00:00.000-05:00,Phoenix AZ,2,1950
2018-12-16T00:00:00.000-05:00,Phoenix AZ,2,1508
2018-12-18T00:00:00.000-05:00,Phoenix AZ,2,2300
2018-12-20T00:00:00.000-05:00,Phoenix AZ,5,3037
2018-12-21T00:00:00.000-05:00,Phoenix AZ,3,3056
2018-12-22T00:00:00.000-05:00,Phoenix AZ,3,1950
2018-12-28T00:00:00.000-05:00,Phoenix AZ,2,1950
2018-12-30T00:00:00.000-05:00,Phoenix AZ,5,2993.25
2018-12-31T00:00:00.000-05:00,Phoenix AZ,4,2604.25
2019-01-02T00:00:00.000-05:00,Phoenix AZ,3,1260.5
2019-01-03T00:00:00.000-05:00,Phoenix AZ,4,2714
2019-01-04T00:00:00.000-05:00,Phoenix AZ,2,2085.25
2019-01-06T00:00:00.000-05:00,Phoenix AZ,3,1855
2019-01-08T00:00:00.000-05:00,Phoenix AZ,2,607.25
2019-01-09T00:00:00.000-05:00,Phoenix AZ,5,2130.5
2019-01-10T00:00:00.000-05:00,Phoenix AZ,4,1213
2019-01-12T00:00:00.000-05:00,Phoenix AZ,3,2080
2019-01-13T00:00:00.000-05:00,Phoenix AZ,2,1239
2019-01-17T00:00:00.000-05:00,Phoenix AZ,3,2711.75
2019-01-20T00:00:00.000-05:00,Phoenix AZ,2,1845
2019-01-21T00:00:00.000-05:00,Phoenix AZ,4,2120.5
2019-01-24T00:00:00.000-05:00,Phoenix AZ,5,1574
2019-01-25T00:00:00.000-05:00,Phoenix AZ,4,2697
2019-01-27T00:00:00.000-05:00,Phoenix AZ,4,1673.75
2019-01-28T00:00:00.000-05:00,Phoenix AZ,2,1182.75
2019-01-29T00:00:00.000-05:00,Phoenix AZ,4,2101.25
2019-01-31T00:00:00.000-05:00,Phoenix AZ,3,1133.75
2019-02-01T00:00:00.000-05:00,Phoenix AZ,3,2248
2019-02-02T00:00:00.000-05:00,Phoenix AZ,3,2444.75
2019-02-04T00:00:00.000-05:00,Phoenix AZ,1,800
2019-02-05T00:00:00.000-05:00,Phoenix AZ,2,477.5
2019-02-06T00:00:00.000-05:00,Phoenix AZ,2,1593.75
2019-02-07T00:00:00.000-05:00,Phoenix AZ,2,889
2019-02-08T00:00:00.000-05:00,Phoenix AZ,3,2553.5
2019-02-09T00:00:00.000-05:00,Phoenix AZ,3,2375.75
2019-02-10T00:00:00.000-05:00,Phoenix AZ,1,1250
2019-02-11T00:00:00.000-05:00,Phoenix AZ,1,520.25
2019-02-12T00:00:00.000-05:00,Phoenix AZ,1,800
2019-02-13T00:00:00.000-05:00,Phoenix AZ,2,575.25
2019-02-15T00:00:00.000-05:00,Phoenix AZ,1,776.25
2019-02-16T00:00:00.000-05:00,Phoenix AZ,2,590.75
2018-04-26T00:00:00.000-04:00,"Phoenix, AZ",1,278
2018-04-27T00:00:00.000-04:00,"Phoenix, AZ",1,352.75
2018-04-28T00:00:00.000-04:00,"Phoenix, AZ",1,375.25
2018-05-02T00:00:00.000-04:00,"Phoenix, AZ",1,278
2018-05-04T00:00:00.000-04:00,"Phoenix, AZ",1,258
2018-05-06T00:00:00.000-04:00,"Phoenix, AZ",1,258
2018-05-09T00:00:00.000-04:00,"Phoenix, AZ",2,356
2018-05-10T00:00:00.000-04:00,"Phoenix, AZ",1,109
2018-05-11T00:00:00.000-04:00,"Phoenix, AZ",1,374.75
2018-05-18T00:00:00.000-04:00,"Phoenix, AZ",1,222.75
2018-05-20T00:00:00.000-04:00,"Phoenix, AZ",1,374.75
2018-05-21T00:00:00.000-04:00,"Phoenix, AZ",2,262.25
2018-05-23T00:00:00.000-04:00,"Phoenix, AZ",2,371.75
2018-06-05T00:00:00.000-04:00,"Phoenix, AZ",1,268
2018-06-09T00:00:00.000-04:00,"Phoenix, AZ",1,379.75
2018-06-14T00:00:00.000-04:00,"Phoenix, AZ",1,371.25
2018-06-18T00:00:00.000-04:00,"Phoenix, AZ",1,272.25
2018-06-24T00:00:00.000-04:00,"Phoenix, AZ",1,278
2018-07-03T00:00:00.000-04:00,"Phoenix, AZ",1,258
2018-07-17T00:00:00.000-04:00,"Phoenix, AZ",1,99
2018-07-20T00:00:00.000-04:00,"Phoenix, AZ",1,338
2018-08-14T00:00:00.000-04:00,"Phoenix, AZ",2,272.25
2018-08-18T00:00:00.000-04:00,"Phoenix, AZ",4,3655.5
2018-08-19T00:00:00.000-04:00,"Phoenix, AZ",1,371.25
2018-08-30T00:00:00.000-04:00,"Phoenix, AZ",1,258
2018-09-03T00:00:00.000-04:00,"Phoenix, AZ",3,371.25
2018-09-08T00:00:00.000-04:00,"Phoenix, AZ",4,3557.5
2018-09-28T00:00:00.000-04:00,"Phoenix, AZ",5,4246.75
2018-09-29T00:00:00.000-04:00,"Phoenix, AZ",4,3329.25
2018-10-07T00:00:00.000-04:00,"Phoenix, AZ",5,3184.5
2018-10-08T00:00:00.000-04:00,"Phoenix, AZ",1,99
2018-10-09T00:00:00.000-04:00,"Phoenix, AZ",1,238.5
2018-10-11T00:00:00.000-04:00,"Phoenix, AZ",5,3372.5
2018-10-27T00:00:00.000-04:00,"Phoenix, AZ",6,4831.75
2018-10-28T00:00:00.000-04:00,"Phoenix, AZ",7,3416.25
2018-11-03T00:00:00.000-04:00,"Phoenix, AZ",4,3650
2018-11-14T00:00:00.000-05:00,"Phoenix, AZ",3,3300
2018-11-17T00:00:00.000-05:00,"Phoenix, AZ",5,4343
2018-11-18T00:00:00.000-05:00,"Phoenix, AZ",6,4441.25
2018-11-21T00:00:00.000-05:00,"Phoenix, AZ",5,4544
2018-11-24T00:00:00.000-05:00,"Phoenix, AZ",6,5175.5
2018-11-26T00:00:00.000-05:00,"Phoenix, AZ",1,99
2018-11-30T00:00:00.000-05:00,"Phoenix, AZ",7,3197.25
2018-12-01T00:00:00.000-05:00,"Phoenix, AZ",9,5668.75
2018-12-02T00:00:00.000-05:00,"Phoenix, AZ",7,4769.25
2018-12-07T00:00:00.000-05:00,"Phoenix, AZ",4,3728
2018-12-15T00:00:00.000-05:00,"Phoenix, AZ",6,3171.5
2018-12-17T00:00:00.000-05:00,"Phoenix, AZ",1,258
2018-12-19T00:00:00.000-05:00,"Phoenix, AZ",5,4019.75
2018-12-23T00:00:00.000-05:00,"Phoenix, AZ",1,258
2018-12-24T00:00:00.000-05:00,"Phoenix, AZ",1,334.75
2018-12-27T00:00:00.000-05:00,"Phoenix, AZ",2,366.75
2018-12-29T00:00:00.000-05:00,"Phoenix, AZ",5,4002.25
2019-01-05T00:00:00.000-05:00,"Phoenix, AZ",6,5020
2019-01-15T00:00:00.000-05:00,"Phoenix, AZ",4,3466
2019-01-16T00:00:00.000-05:00,"Phoenix, AZ",5,3563.75
2019-01-18T00:00:00.000-05:00,"Phoenix, AZ",5,3951
2019-01-19T00:00:00.000-05:00,"Phoenix, AZ",5,3209.5
2019-01-23T00:00:00.000-05:00,"Phoenix, AZ",1,89
2019-01-26T00:00:00.000-05:00,"Phoenix, AZ",5,4597.5
2019-01-30T00:00:00.000-05:00,"Phoenix, AZ",3,3200
2018-06-11T00:00:00.000-04:00,San Antonio TX,1,1638.75
2019-01-09T00:00:00.000-05:00,San Antonio TX,3,455
2019-01-10T00:00:00.000-05:00,San Antonio TX,2,397
2019-01-12T00:00:00.000-05:00,San Antonio TX,2,406
2019-01-17T00:00:00.000-05:00,San Antonio TX,1,1609.5
2019-01-19T00:00:00.000-05:00,San Antonio TX,3,931.75
2019-01-25T00:00:00.000-05:00,San Antonio TX,3,450
2019-01-26T00:00:00.000-05:00,San Antonio TX,3,865
2019-01-31T00:00:00.000-05:00,San Antonio TX,2,435.75
2019-02-02T00:00:00.000-05:00,San Antonio TX,1,507.5
2019-02-05T00:00:00.000-05:00,San Antonio TX,2,1246.25
2019-02-08T00:00:00.000-05:00,San Antonio TX,1,476.5
2019-02-09T00:00:00.000-05:00,San Antonio TX,2,1276
2019-02-10T00:00:00.000-05:00,San Antonio TX,2,1126.75
2019-02-11T00:00:00.000-05:00,San Antonio TX,2,889.25
2019-02-14T00:00:00.000-05:00,San Antonio TX,2,455.5
2019-02-15T00:00:00.000-05:00,San Antonio TX,2,589.75
2019-02-16T00:00:00.000-05:00,San Antonio TX,2,396
2019-01-13T00:00:00.000-05:00,"San Antonio, TX",2,198
2019-01-18T00:00:00.000-05:00,"San Antonio, TX",1,346.5
2019-01-20T00:00:00.000-05:00,"San Antonio, TX",1,79
2019-01-23T00:00:00.000-05:00,"San Antonio, TX",1,206.5
2019-01-29T00:00:00.000-05:00,"San Antonio, TX",1,297
2019-02-03T00:00:00.000-05:00,"San Antonio, TX",1,79
2019-02-06T00:00:00.000-05:00,"San Antonio, TX",2,378.5
2018-08-16T00:00:00.000-04:00,Tampa FL,2,411.75
2018-08-17T00:00:00.000-04:00,Tampa FL,1,556.75
2018-08-25T00:00:00.000-04:00,Tampa FL,3,1106.5
2018-08-26T00:00:00.000-04:00,Tampa FL,3,1308.75
2018-08-27T00:00:00.000-04:00,Tampa FL,3,745
2018-08-31T00:00:00.000-04:00,Tampa FL,2,1462.75
2018-09-02T00:00:00.000-04:00,Tampa FL,1,464.75
2018-09-03T00:00:00.000-04:00,Tampa FL,2,973.25
2018-09-06T00:00:00.000-04:00,Tampa FL,2,571
2018-09-08T00:00:00.000-04:00,Tampa FL,2,1876.75
2018-09-09T00:00:00.000-04:00,Tampa FL,2,1258
2018-09-14T00:00:00.000-04:00,Tampa FL,1,467.25
2018-09-15T00:00:00.000-04:00,Tampa FL,5,2107.25
2018-09-20T00:00:00.000-04:00,Tampa FL,1,580.5
2018-09-21T00:00:00.000-04:00,Tampa FL,2,432
2018-09-22T00:00:00.000-04:00,Tampa FL,2,1135.25
2018-09-24T00:00:00.000-04:00,Tampa FL,3,1248.75
2018-09-25T00:00:00.000-04:00,Tampa FL,3,1226.5
2018-09-28T00:00:00.000-04:00,Tampa FL,1,800
2018-09-29T00:00:00.000-04:00,Tampa FL,2,1259
2018-09-30T00:00:00.000-04:00,Tampa FL,3,1328.5
2018-10-01T00:00:00.000-04:00,Tampa FL,1,1250
2018-10-03T00:00:00.000-04:00,Tampa FL,2,1249
2018-10-04T00:00:00.000-04:00,Tampa FL,2,535
2018-10-05T00:00:00.000-04:00,Tampa FL,2,1538
2018-10-06T00:00:00.000-04:00,Tampa FL,4,2271.5
2018-10-08T00:00:00.000-04:00,Tampa FL,1,1250
2018-10-09T00:00:00.000-04:00,Tampa FL,2,998
2018-10-12T00:00:00.000-04:00,Tampa FL,1,521.5
2018-10-13T00:00:00.000-04:00,Tampa FL,3,2037.75
2018-10-14T00:00:00.000-04:00,Tampa FL,2,899
2018-10-18T00:00:00.000-04:00,Tampa FL,1,1250
2018-10-20T00:00:00.000-04:00,Tampa FL,1,800
2018-10-21T00:00:00.000-04:00,Tampa FL,1,800
2018-10-25T00:00:00.000-04:00,Tampa FL,1,800
2018-10-26T00:00:00.000-04:00,Tampa FL,1,1150
2018-10-27T00:00:00.000-04:00,Tampa FL,4,1529.5
2018-10-28T00:00:00.000-04:00,Tampa FL,2,2300
2018-10-29T00:00:00.000-04:00,Tampa FL,2,938.75
2018-10-30T00:00:00.000-04:00,Tampa FL,1,800
2018-10-31T00:00:00.000-04:00,Tampa FL,3,861.5
2018-11-01T00:00:00.000-04:00,Tampa FL,6,1293.25
2018-11-03T00:00:00.000-04:00,Tampa FL,2,848.5
2018-11-04T00:00:00.000-04:00,Tampa FL,3,1015.75
2018-11-07T00:00:00.000-05:00,Tampa FL,1,900
2018-11-08T00:00:00.000-05:00,Tampa FL,2,2500
2018-11-09T00:00:00.000-05:00,Tampa FL,1,1250
2018-11-14T00:00:00.000-05:00,Tampa FL,1,472.5
2018-11-15T00:00:00.000-05:00,Tampa FL,2,1249
2018-11-17T00:00:00.000-05:00,Tampa FL,4,2230.5
2018-11-20T00:00:00.000-05:00,Tampa FL,3,1513
2018-11-21T00:00:00.000-05:00,Tampa FL,2,1538.25
2018-11-24T00:00:00.000-05:00,Tampa FL,2,488.75
2018-11-27T00:00:00.000-05:00,Tampa FL,2,1143
2018-11-28T00:00:00.000-05:00,Tampa FL,2,1425.5
2018-11-29T00:00:00.000-05:00,Tampa FL,2,687.25
2018-11-30T00:00:00.000-05:00,Tampa FL,1,1150
2018-12-02T00:00:00.000-05:00,Tampa FL,3,1243.75
2018-12-03T00:00:00.000-05:00,Tampa FL,1,800
2018-12-06T00:00:00.000-05:00,Tampa FL,2,1261.5
2018-12-08T00:00:00.000-05:00,Tampa FL,1,1150
2018-12-11T00:00:00.000-05:00,Tampa FL,1,800
2018-12-12T00:00:00.000-05:00,Tampa FL,1,800
2018-12-13T00:00:00.000-05:00,Tampa FL,3,1047.5
2018-12-16T00:00:00.000-05:00,Tampa FL,2,692.5
2018-12-17T00:00:00.000-05:00,Tampa FL,2,411.75
2018-12-21T00:00:00.000-05:00,Tampa FL,1,800
2018-12-22T00:00:00.000-05:00,Tampa FL,1,1150
2018-12-27T00:00:00.000-05:00,Tampa FL,2,410.75
2018-12-30T00:00:00.000-05:00,Tampa FL,1,1150
2018-12-31T00:00:00.000-05:00,Tampa FL,1,800
2019-01-05T00:00:00.000-05:00,Tampa FL,1,467.5
2019-01-12T00:00:00.000-05:00,Tampa FL,2,1045.25
2019-01-13T00:00:00.000-05:00,Tampa FL,1,800
2019-01-17T00:00:00.000-05:00,Tampa FL,3,535
2019-01-19T00:00:00.000-05:00,Tampa FL,3,636.75
2019-01-21T00:00:00.000-05:00,Tampa FL,1,800
2019-01-31T00:00:00.000-05:00,Tampa FL,2,603.5
2019-02-01T00:00:00.000-05:00,Tampa FL,1,800
2019-02-02T00:00:00.000-05:00,Tampa FL,3,1705
2019-02-03T00:00:00.000-05:00,Tampa FL,1,1100
2019-02-09T00:00:00.000-05:00,Tampa FL,1,800
2019-02-10T00:00:00.000-05:00,Tampa FL,2,1292.25
2019-02-12T00:00:00.000-05:00,Tampa FL,1,467.5
2019-02-15T00:00:00.000-05:00,Tampa FL,2,960
2018-08-14T00:00:00.000-04:00,"Tampa, FL",1,278
2018-08-19T00:00:00.000-04:00,"Tampa, FL",1,308
2018-08-23T00:00:00.000-04:00,"Tampa, FL",1,222.75
2018-08-30T00:00:00.000-04:00,"Tampa, FL",1,99
2018-09-01T00:00:00.000-04:00,"Tampa, FL",1,378
2018-09-07T00:00:00.000-04:00,"Tampa, FL",1,104
2018-09-16T00:00:00.000-04:00,"Tampa, FL",1,358
2018-09-23T00:00:00.000-04:00,"Tampa, FL",1,372.5
2018-09-27T00:00:00.000-04:00,"Tampa, FL",1,99
2018-10-19T00:00:00.000-04:00,"Tampa, FL",1,198
2018-11-10T00:00:00.000-05:00,"Tampa, FL",1,109
2018-11-13T00:00:00.000-05:00,"Tampa, FL",1,208.5
2018-11-16T00:00:00.000-05:00,"Tampa, FL",4,3528.25
2018-12-09T00:00:00.000-05:00,"Tampa, FL",1,139
2018-12-14T00:00:00.000-05:00,"Tampa, FL",3,346
2018-12-18T00:00:00.000-05:00,"Tampa, FL",1,99
2018-12-23T00:00:00.000-05:00,"Tampa, FL",1,322.5
2018-12-26T00:00:00.000-05:00,"Tampa, FL",1,354.75
2019-01-02T00:00:00.000-05:00,"Tampa, FL",1,290.25
2019-01-03T00:00:00.000-05:00,"Tampa, FL",1,99
2019-01-24T00:00:00.000-05:00,"Tampa, FL",1,123.75
2019-01-25T00:00:00.000-05:00,"Tampa, FL",1,130
2019-01-28T00:00:00.000-05:00,"Tampa, FL",1,283.25
2019-01-30T00:00:00.000-05:00,"Tampa, FL",1,317
2019-02-06T00:00:00.000-05:00,"Tampa, FL",1,277
2019-02-08T00:00:00.000-05:00,"Tampa, FL",1,168
2019-02-14T00:00:00.000-05:00,"Tampa, FL",1,177.75
2019-01-11T00:00:00.000-05:00,Tucson AZ,1,437
2019-01-19T00:00:00.000-05:00,Tucson AZ,1,422.5
2019-01-20T00:00:00.000-05:00,Tucson AZ,1,1020
2019-01-26T00:00:00.000-05:00,Tucson AZ,2,1016
2019-02-01T00:00:00.000-05:00,Tucson AZ,2,463
2019-02-03T00:00:00.000-05:00,Tucson AZ,1,806.75
2019-02-08T00:00:00.000-05:00,Tucson AZ,1,389.75
2019-02-14T00:00:00.000-05:00,Tucson AZ,2,1475.5
2019-01-12T00:00:00.000-05:00,"Tucson, AZ",1,169
2019-01-18T00:00:00.000-05:00,"Tucson, AZ",1,84
2019-01-21T00:00:00.000-05:00,"Tucson, AZ",1,357.5
2019-01-22T00:00:00.000-05:00,"Tucson, AZ",1,343.75
2019-02-05T00:00:00.000-05:00,"Tucson, AZ",1,79
2019-02-09T00:00:00.000-05:00,"Tucson, AZ",1,89
2019-02-13T00:00:00.000-05:00,"Tucson, AZ",2,346.5
2018-02-15T00:00:00.000-05:00,"Washington D.C., DC",2,314.5
2018-02-22T00:00:00.000-05:00,"Washington D.C., DC",1,129
2018-02-27T00:00:00.000-05:00,"Washington D.C., DC",1,86
2018-03-07T00:00:00.000-05:00,"Washington D.C., DC",2,311.75
2018-03-09T00:00:00.000-05:00,"Washington D.C., DC",2,192
2018-03-22T00:00:00.000-04:00,"Washington D.C., DC",2,266
2018-03-23T00:00:00.000-04:00,"Washington D.C., DC",2,208
2018-03-24T00:00:00.000-04:00,"Washington D.C., DC",7,4368.5
2018-03-31T00:00:00.000-04:00,"Washington D.C., DC",6,3423
2018-04-09T00:00:00.000-04:00,"Washington D.C., DC",1,144
2018-04-10T00:00:00.000-04:00,"Washington D.C., DC",1,372.5
2018-04-20T00:00:00.000-04:00,"Washington D.C., DC",5,3587.75
2018-04-24T00:00:00.000-04:00,"Washington D.C., DC",1,138.5
2018-04-29T00:00:00.000-04:00,"Washington D.C., DC",7,3214.5
2018-05-12T00:00:00.000-04:00,"Washington D.C., DC",6,3543.75
2018-05-31T00:00:00.000-04:00,"Washington D.C., DC",8,4902.75
2018-06-01T00:00:00.000-04:00,"Washington D.C., DC",13,3578.5
2018-06-23T00:00:00.000-04:00,"Washington D.C., DC",10,3992
2018-06-28T00:00:00.000-04:00,"Washington D.C., DC",9,4635.25
2018-06-29T00:00:00.000-04:00,"Washington D.C., DC",12,6237.25
2018-06-30T00:00:00.000-04:00,"Washington D.C., DC",13,5858.25
2018-07-01T00:00:00.000-04:00,"Washington D.C., DC",12,5901.5
2018-07-07T00:00:00.000-04:00,"Washington D.C., DC",8,4444
2018-07-14T00:00:00.000-04:00,"Washington D.C., DC",12,5984
2018-07-21T00:00:00.000-04:00,"Washington D.C., DC",10,4556
2018-07-22T00:00:00.000-04:00,"Washington D.C., DC",12,4219
2018-07-24T00:00:00.000-04:00,"Washington D.C., DC",2,377
2018-07-25T00:00:00.000-04:00,"Washington D.C., DC",8,3291
2018-07-26T00:00:00.000-04:00,"Washington D.C., DC",11,5170.5
2018-07-27T00:00:00.000-04:00,"Washington D.C., DC",11,5139
2018-07-28T00:00:00.000-04:00,"Washington D.C., DC",16,7552.75
2018-07-29T00:00:00.000-04:00,"Washington D.C., DC",21,9530.75
2018-07-30T00:00:00.000-04:00,"Washington D.C., DC",13,5094.5
2018-07-31T00:00:00.000-04:00,"Washington D.C., DC",12,4174
2018-08-01T00:00:00.000-04:00,"Washington D.C., DC",9,3825.25
2018-08-04T00:00:00.000-04:00,"Washington D.C., DC",10,5215.5
2018-08-05T00:00:00.000-04:00,"Washington D.C., DC",8,4061.5
2018-08-08T00:00:00.000-04:00,"Washington D.C., DC",7,3329.5
2018-08-12T00:00:00.000-04:00,"Washington D.C., DC",11,3480.25
2018-08-16T00:00:00.000-04:00,"Washington D.C., DC",9,4439.25
2018-08-18T00:00:00.000-04:00,"Washington D.C., DC",8,3403.25
2018-08-24T00:00:00.000-04:00,"Washington D.C., DC",6,3678
2018-08-25T00:00:00.000-04:00,"Washington D.C., DC",8,3206.25
2018-08-26T00:00:00.000-04:00,"Washington D.C., DC",12,4668.75
2018-08-27T00:00:00.000-04:00,"Washington D.C., DC",8,3802.25
2018-08-29T00:00:00.000-04:00,"Washington D.C., DC",7,3409
2018-08-31T00:00:00.000-04:00,"Washington D.C., DC",11,4569
2018-09-01T00:00:00.000-04:00,"Washington D.C., DC",14,6662.5
2018-09-06T00:00:00.000-04:00,"Washington D.C., DC",1,300.5
2018-09-25T00:00:00.000-04:00,"Washington D.C., DC",6,3179.25
2018-09-27T00:00:00.000-04:00,"Washington D.C., DC",9,4439.25
2018-09-29T00:00:00.000-04:00,"Washington D.C., DC",11,4127.25
2018-09-30T00:00:00.000-04:00,"Washington D.C., DC",7,3731.5
2018-10-09T00:00:00.000-04:00,"Washington D.C., DC",1,363
2018-10-13T00:00:00.000-04:00,"Washington D.C., DC",5,3511.25
2018-11-06T00:00:00.000-05:00,"Washington D.C., DC",1,247.5
2018-11-23T00:00:00.000-05:00,"Washington D.C., DC",1,322
2018-12-03T00:00:00.000-05:00,"Washington D.C., DC",1,133.75
2018-12-09T00:00:00.000-05:00,"Washington D.C., DC",1,99
2018-12-13T00:00:00.000-05:00,"Washington D.C., DC",1,233.25
2018-12-16T00:00:00.000-05:00,"Washington D.C., DC",1,328
2018-12-17T00:00:00.000-05:00,"Washington D.C., DC",2,198
2018-12-18T00:00:00.000-05:00,"Washington D.C., DC",1,99
2018-12-20T00:00:00.000-05:00,"Washington D.C., DC",1,99
2019-01-13T00:00:00.000-05:00,"Washington D.C., DC",1,268
2019-01-23T00:00:00.000-05:00,"Washington D.C., DC",1,148.5
2019-01-25T00:00:00.000-05:00,"Washington D.C., DC",2,224
2019-01-27T00:00:00.000-05:00,"Washington D.C., DC",6,3270.75
2019-02-07T00:00:00.000-05:00,"Washington D.C., DC",1,211.5
2019-02-14T00:00:00.000-05:00,"Washington D.C., DC",1,117.5
2018-02-16T00:00:00.000-05:00,Washington DC DC,1,540
2018-02-18T00:00:00.000-05:00,Washington DC DC,3,1382
2018-02-19T00:00:00.000-05:00,Washington DC DC,1,437.5
2018-02-23T00:00:00.000-05:00,Washington DC DC,2,649.5
2018-02-24T00:00:00.000-05:00,Washington DC DC,3,1422.75
2018-02-25T00:00:00.000-05:00,Washington DC DC,1,811.5
2018-02-26T00:00:00.000-05:00,Washington DC DC,1,464.75
2018-02-28T00:00:00.000-05:00,Washington DC DC,4,1470
2018-03-01T00:00:00.000-05:00,Washington DC DC,2,1148.5
2018-03-02T00:00:00.000-05:00,Washington DC DC,3,1332
2018-03-03T00:00:00.000-05:00,Washington DC DC,8,1987.5
2018-03-04T00:00:00.000-05:00,Washington DC DC,4,701.5
2018-03-05T00:00:00.000-05:00,Washington DC DC,2,684.5
2018-03-06T00:00:00.000-05:00,Washington DC DC,1,500
2018-03-08T00:00:00.000-05:00,Washington DC DC,1,436.5
2018-03-10T00:00:00.000-05:00,Washington DC DC,5,3084
2018-03-11T00:00:00.000-05:00,Washington DC DC,2,894.5
2018-03-12T00:00:00.000-04:00,Washington DC DC,1,404.25
2018-03-13T00:00:00.000-04:00,Washington DC DC,2,1492.25
2018-03-14T00:00:00.000-04:00,Washington DC DC,3,950.25
2018-03-15T00:00:00.000-04:00,Washington DC DC,4,1690.75
2018-03-16T00:00:00.000-04:00,Washington DC DC,5,1900
2018-03-17T00:00:00.000-04:00,Washington DC DC,5,2031
2018-03-18T00:00:00.000-04:00,Washington DC DC,3,2177.75
2018-03-19T00:00:00.000-04:00,Washington DC DC,2,494.5
2018-03-20T00:00:00.000-04:00,Washington DC DC,1,1310.75
2018-03-25T00:00:00.000-04:00,Washington DC DC,6,2655.25
2018-03-26T00:00:00.000-04:00,Washington DC DC,4,1268
2018-03-27T00:00:00.000-04:00,Washington DC DC,1,718.75
2018-03-28T00:00:00.000-04:00,Washington DC DC,2,774.5
2018-03-29T00:00:00.000-04:00,Washington DC DC,5,2425.5
2018-03-30T00:00:00.000-04:00,Washington DC DC,7,2341
2018-04-01T00:00:00.000-04:00,Washington DC DC,3,1473.75
2018-04-02T00:00:00.000-04:00,Washington DC DC,1,426.75
2018-04-03T00:00:00.000-04:00,Washington DC DC,1,669.25
2018-04-05T00:00:00.000-04:00,Washington DC DC,2,884.75
2018-04-06T00:00:00.000-04:00,Washington DC DC,2,1673.25
2018-04-07T00:00:00.000-04:00,Washington DC DC,4,2122.5
2018-04-11T00:00:00.000-04:00,Washington DC DC,2,1482.5
2018-04-12T00:00:00.000-04:00,Washington DC DC,3,1186
2018-04-13T00:00:00.000-04:00,Washington DC DC,3,1402
2018-04-14T00:00:00.000-04:00,Washington DC DC,5,2082.75
2018-04-16T00:00:00.000-04:00,Washington DC DC,1,600.75
2018-04-18T00:00:00.000-04:00,Washington DC DC,2,742.5
2018-04-19T00:00:00.000-04:00,Washington DC DC,2,1677
2018-04-21T00:00:00.000-04:00,Washington DC DC,6,2892.25
2018-04-22T00:00:00.000-04:00,Washington DC DC,6,2378.75
2018-04-26T00:00:00.000-04:00,Washington DC DC,4,1738
2018-04-27T00:00:00.000-04:00,Washington DC DC,4,1573
2018-04-28T00:00:00.000-04:00,Washington DC DC,7,2181.25
2018-04-30T00:00:00.000-04:00,Washington DC DC,3,1121
2018-05-01T00:00:00.000-04:00,Washington DC DC,5,2580.5
2018-05-02T00:00:00.000-04:00,Washington DC DC,2,1816.25
2018-05-03T00:00:00.000-04:00,Washington DC DC,1,1700.25
2018-05-04T00:00:00.000-04:00,Washington DC DC,4,2511.5
2018-05-05T00:00:00.000-04:00,Washington DC DC,3,1376.75
2018-05-06T00:00:00.000-04:00,Washington DC DC,4,2847.25
2018-05-07T00:00:00.000-04:00,Washington DC DC,5,2561.25
2018-05-08T00:00:00.000-04:00,Washington DC DC,1,715
2018-05-09T00:00:00.000-04:00,Washington DC DC,5,1325.5
2018-05-10T00:00:00.000-04:00,Washington DC DC,2,627.25
2018-05-11T00:00:00.000-04:00,Washington DC DC,3,1953.75
2018-05-13T00:00:00.000-04:00,Washington DC DC,2,828.5
2018-05-14T00:00:00.000-04:00,Washington DC DC,4,1245
2018-05-15T00:00:00.000-04:00,Washington DC DC,3,952.75
2018-05-16T00:00:00.000-04:00,Washington DC DC,2,966
2018-05-17T00:00:00.000-04:00,Washington DC DC,5,2456.25
2018-05-18T00:00:00.000-04:00,Washington DC DC,5,2017.5
2018-05-19T00:00:00.000-04:00,Washington DC DC,7,2517.75
2018-05-20T00:00:00.000-04:00,Washington DC DC,5,2075.25
2018-05-21T00:00:00.000-04:00,Washington DC DC,7,1715.5
2018-05-22T00:00:00.000-04:00,Washington DC DC,6,1653.75
2018-05-23T00:00:00.000-04:00,Washington DC DC,6,2250.5
2018-05-24T00:00:00.000-04:00,Washington DC DC,9,2454.25
2018-05-25T00:00:00.000-04:00,Washington DC DC,8,2495.25
2018-05-26T00:00:00.000-04:00,Washington DC DC,5,1834.25
2018-05-27T00:00:00.000-04:00,Washington DC DC,4,758.75
2018-05-28T00:00:00.000-04:00,Washington DC DC,5,1648.25
2018-05-29T00:00:00.000-04:00,Washington DC DC,3,1124.5
2018-05-30T00:00:00.000-04:00,Washington DC DC,6,2296.5
2018-06-02T00:00:00.000-04:00,Washington DC DC,6,3126
2018-06-03T00:00:00.000-04:00,Washington DC DC,6,2091
2018-06-04T00:00:00.000-04:00,Washington DC DC,4,1259.25
2018-06-05T00:00:00.000-04:00,Washington DC DC,5,862.25
2018-06-06T00:00:00.000-04:00,Washington DC DC,6,2089.5
2018-06-07T00:00:00.000-04:00,Washington DC DC,3,471.25
2018-06-08T00:00:00.000-04:00,Washington DC DC,3,1634.25
2018-06-09T00:00:00.000-04:00,Washington DC DC,5,2536
2018-06-10T00:00:00.000-04:00,Washington DC DC,3,625
2018-06-11T00:00:00.000-04:00,Washington DC DC,3,686.5
2018-06-12T00:00:00.000-04:00,Washington DC DC,2,1225.5
2018-06-13T00:00:00.000-04:00,Washington DC DC,4,855
2018-06-14T00:00:00.000-04:00,Washington DC DC,3,1040.25
2018-06-15T00:00:00.000-04:00,Washington DC DC,6,1464.25
2018-06-16T00:00:00.000-04:00,Washington DC DC,6,2595
2018-06-17T00:00:00.000-04:00,Washington DC DC,7,2267
2018-06-18T00:00:00.000-04:00,Washington DC DC,4,733.5
2018-06-19T00:00:00.000-04:00,Washington DC DC,4,965.25
2018-06-20T00:00:00.000-04:00,Washington DC DC,4,1329.5
2018-06-21T00:00:00.000-04:00,Washington DC DC,4,1099.25
2018-06-22T00:00:00.000-04:00,Washington DC DC,7,3076.25
2018-06-24T00:00:00.000-04:00,Washington DC DC,6,1227
2018-06-25T00:00:00.000-04:00,Washington DC DC,6,2387
2018-06-26T00:00:00.000-04:00,Washington DC DC,3,1017.25
2018-06-27T00:00:00.000-04:00,Washington DC DC,5,1838.25
2018-07-02T00:00:00.000-04:00,Washington DC DC,9,2833.75
2018-07-03T00:00:00.000-04:00,Washington DC DC,3,925.25
2018-07-05T00:00:00.000-04:00,Washington DC DC,6,2847.75
2018-07-06T00:00:00.000-04:00,Washington DC DC,6,1881
2018-07-08T00:00:00.000-04:00,Washington DC DC,5,1530.5
2018-07-09T00:00:00.000-04:00,Washington DC DC,3,1709.25
2018-07-10T00:00:00.000-04:00,Washington DC DC,5,1711.5
2018-07-11T00:00:00.000-04:00,Washington DC DC,4,1346.75
2018-07-13T00:00:00.000-04:00,Washington DC DC,8,3067.25
2018-07-15T00:00:00.000-04:00,Washington DC DC,11,2977.5
2018-07-16T00:00:00.000-04:00,Washington DC DC,5,2602.25
2018-07-17T00:00:00.000-04:00,Washington DC DC,5,971
2018-07-18T00:00:00.000-04:00,Washington DC DC,3,1017
2018-07-19T00:00:00.000-04:00,Washington DC DC,2,898.25
2018-07-20T00:00:00.000-04:00,Washington DC DC,9,2673
2018-07-23T00:00:00.000-04:00,Washington DC DC,5,1792.75
2018-08-02T00:00:00.000-04:00,Washington DC DC,8,2754.25
2018-08-03T00:00:00.000-04:00,Washington DC DC,4,1385
2018-08-06T00:00:00.000-04:00,Washington DC DC,6,1673.5
2018-08-07T00:00:00.000-04:00,Washington DC DC,4,1280
2018-08-09T00:00:00.000-04:00,Washington DC DC,4,2029.25
2018-08-10T00:00:00.000-04:00,Washington DC DC,10,2904.5
2018-08-11T00:00:00.000-04:00,Washington DC DC,6,2370.5
2018-08-13T00:00:00.000-04:00,Washington DC DC,5,2139.25
2018-08-14T00:00:00.000-04:00,Washington DC DC,5,2312
2018-08-15T00:00:00.000-04:00,Washington DC DC,5,2464.75
2018-08-17T00:00:00.000-04:00,Washington DC DC,6,2437.5
2018-08-19T00:00:00.000-04:00,Washington DC DC,7,2231
2018-08-20T00:00:00.000-04:00,Washington DC DC,6,1618.5
2018-08-21T00:00:00.000-04:00,Washington DC DC,1,637.5
2018-08-22T00:00:00.000-04:00,Washington DC DC,6,1881.25
2018-08-23T00:00:00.000-04:00,Washington DC DC,6,1872.25
2018-08-28T00:00:00.000-04:00,Washington DC DC,8,2179.75
2018-08-30T00:00:00.000-04:00,Washington DC DC,7,2709.25
2018-09-02T00:00:00.000-04:00,Washington DC DC,5,1714.75
2018-09-03T00:00:00.000-04:00,Washington DC DC,6,2347
2018-09-04T00:00:00.000-04:00,Washington DC DC,1,1150
2018-09-05T00:00:00.000-04:00,Washington DC DC,4,1915.25
2018-09-07T00:00:00.000-04:00,Washington DC DC,2,1010.25
2018-09-08T00:00:00.000-04:00,Washington DC DC,6,1665
2018-09-09T00:00:00.000-04:00,Washington DC DC,3,878.5
2018-09-10T00:00:00.000-04:00,Washington DC DC,2,920.25
2018-09-11T00:00:00.000-04:00,Washington DC DC,5,2230.5
2018-09-12T00:00:00.000-04:00,Washington DC DC,5,1332
2018-09-13T00:00:00.000-04:00,Washington DC DC,2,491.25
2018-09-14T00:00:00.000-04:00,Washington DC DC,6,2515.75
2018-09-15T00:00:00.000-04:00,Washington DC DC,5,1795.75
2018-09-16T00:00:00.000-04:00,Washington DC DC,5,2612.25
2018-09-17T00:00:00.000-04:00,Washington DC DC,3,1076.5
2018-09-18T00:00:00.000-04:00,Washington DC DC,2,711.5
2018-09-19T00:00:00.000-04:00,Washington DC DC,4,1343
2018-09-20T00:00:00.000-04:00,Washington DC DC,5,2553.75
2018-09-21T00:00:00.000-04:00,Washington DC DC,6,1854.75
2018-09-22T00:00:00.000-04:00,Washington DC DC,8,2453.5
2018-09-23T00:00:00.000-04:00,Washington DC DC,8,2119
2018-09-24T00:00:00.000-04:00,Washington DC DC,5,2805.5
2018-09-26T00:00:00.000-04:00,Washington DC DC,2,1587.25
2018-09-28T00:00:00.000-04:00,Washington DC DC,7,2771.25
2018-10-01T00:00:00.000-04:00,Washington DC DC,5,2033.25
2018-10-02T00:00:00.000-04:00,Washington DC DC,2,809.25
2018-10-03T00:00:00.000-04:00,Washington DC DC,5,2455.5
2018-10-04T00:00:00.000-04:00,Washington DC DC,3,1227.25
2018-10-05T00:00:00.000-04:00,Washington DC DC,4,1041.25
2018-10-06T00:00:00.000-04:00,Washington DC DC,5,1426.25
2018-10-07T00:00:00.000-04:00,Washington DC DC,3,1198
2018-10-08T00:00:00.000-04:00,Washington DC DC,7,2896
2018-10-10T00:00:00.000-04:00,Washington DC DC,2,448.75
2018-10-11T00:00:00.000-04:00,Washington DC DC,3,1529.75
2018-10-12T00:00:00.000-04:00,Washington DC DC,3,1605.75
2018-10-14T00:00:00.000-04:00,Washington DC DC,4,1282.5
2018-10-15T00:00:00.000-04:00,Washington DC DC,1,1187.75
2018-10-16T00:00:00.000-04:00,Washington DC DC,3,1253.5
2018-10-17T00:00:00.000-04:00,Washington DC DC,5,1225.25
2018-10-18T00:00:00.000-04:00,Washington DC DC,2,754.5
2018-10-19T00:00:00.000-04:00,Washington DC DC,4,2362.25
2018-10-20T00:00:00.000-04:00,Washington DC DC,6,2013.25
2018-10-21T00:00:00.000-04:00,Washington DC DC,3,958.5
2018-10-22T00:00:00.000-04:00,Washington DC DC,3,708.75
2018-10-23T00:00:00.000-04:00,Washington DC DC,2,1077
2018-10-24T00:00:00.000-04:00,Washington DC DC,3,1332.5
2018-10-26T00:00:00.000-04:00,Washington DC DC,4,1753.75
2018-10-27T00:00:00.000-04:00,Washington DC DC,3,1462.25
2018-10-28T00:00:00.000-04:00,Washington DC DC,6,2511.5
2018-10-29T00:00:00.000-04:00,Washington DC DC,2,727.75
2018-10-30T00:00:00.000-04:00,Washington DC DC,4,1502.25
2018-10-31T00:00:00.000-04:00,Washington DC DC,3,1430.25
2018-11-01T00:00:00.000-04:00,Washington DC DC,4,1695
2018-11-02T00:00:00.000-04:00,Washington DC DC,3,704.75
2018-11-03T00:00:00.000-04:00,Washington DC DC,5,1781.25
2018-11-04T00:00:00.000-04:00,Washington DC DC,3,703
2018-11-05T00:00:00.000-05:00,Washington DC DC,3,1161.5
2018-11-07T00:00:00.000-05:00,Washington DC DC,2,493.5
2018-11-08T00:00:00.000-05:00,Washington DC DC,2,980.25
2018-11-10T00:00:00.000-05:00,Washington DC DC,7,2588.75
2018-11-11T00:00:00.000-05:00,Washington DC DC,1,688.75
2018-11-12T00:00:00.000-05:00,Washington DC DC,1,887.25
2018-11-16T00:00:00.000-05:00,Washington DC DC,4,1980.25
2018-11-17T00:00:00.000-05:00,Washington DC DC,5,2786
2018-11-18T00:00:00.000-05:00,Washington DC DC,4,1066.25
2018-11-19T00:00:00.000-05:00,Washington DC DC,3,1892.5
2018-11-20T00:00:00.000-05:00,Washington DC DC,2,576
2018-11-24T00:00:00.000-05:00,Washington DC DC,3,1616.75
2018-11-25T00:00:00.000-05:00,Washington DC DC,4,1720.25
2018-11-26T00:00:00.000-05:00,Washington DC DC,3,1902.5
2018-11-27T00:00:00.000-05:00,Washington DC DC,2,625.25
2018-11-28T00:00:00.000-05:00,Washington DC DC,4,1817.5
2018-11-29T00:00:00.000-05:00,Washington DC DC,4,2239.5
2018-11-30T00:00:00.000-05:00,Washington DC DC,5,2743.5
2018-12-01T00:00:00.000-05:00,Washington DC DC,6,2205.75
2018-12-02T00:00:00.000-05:00,Washington DC DC,5,1898.75
2018-12-04T00:00:00.000-05:00,Washington DC DC,2,1106.5
2018-12-05T00:00:00.000-05:00,Washington DC DC,4,2045.5
2018-12-06T00:00:00.000-05:00,Washington DC DC,3,1008.25
2018-12-07T00:00:00.000-05:00,Washington DC DC,5,1377
2018-12-08T00:00:00.000-05:00,Washington DC DC,2,643.25
2018-12-10T00:00:00.000-05:00,Washington DC DC,2,1202.25
2018-12-12T00:00:00.000-05:00,Washington DC DC,2,1212.25
2018-12-14T00:00:00.000-05:00,Washington DC DC,3,1869.5
2018-12-15T00:00:00.000-05:00,Washington DC DC,6,2953
2018-12-19T00:00:00.000-05:00,Washington DC DC,2,1426
2018-12-21T00:00:00.000-05:00,Washington DC DC,2,694.5
2018-12-22T00:00:00.000-05:00,Washington DC DC,2,877.25
2018-12-23T00:00:00.000-05:00,Washington DC DC,2,735
2018-12-24T00:00:00.000-05:00,Washington DC DC,1,397
2018-12-27T00:00:00.000-05:00,Washington DC DC,2,834
2018-12-28T00:00:00.000-05:00,Washington DC DC,2,396
2018-12-29T00:00:00.000-05:00,Washington DC DC,3,1116.5
2018-12-30T00:00:00.000-05:00,Washington DC DC,2,417
2018-12-31T00:00:00.000-05:00,Washington DC DC,3,1164.75
2019-01-02T00:00:00.000-05:00,Washington DC DC,3,891
2019-01-03T00:00:00.000-05:00,Washington DC DC,2,729.75
2019-01-04T00:00:00.000-05:00,Washington DC DC,4,1223
2019-01-05T00:00:00.000-05:00,Washington DC DC,2,755
2019-01-06T00:00:00.000-05:00,Washington DC DC,3,1343.25
2019-01-07T00:00:00.000-05:00,Washington DC DC,1,695.75
2019-01-10T00:00:00.000-05:00,Washington DC DC,1,855
2019-01-11T00:00:00.000-05:00,Washington DC DC,1,635.5
2019-01-12T00:00:00.000-05:00,Washington DC DC,5,2381.25
2019-01-14T00:00:00.000-05:00,Washington DC DC,1,397
2019-01-15T00:00:00.000-05:00,Washington DC DC,1,1469
2019-01-17T00:00:00.000-05:00,Washington DC DC,1,766.25
2019-01-18T00:00:00.000-05:00,Washington DC DC,2,720.75
2019-01-19T00:00:00.000-05:00,Washington DC DC,1,704
2019-01-20T00:00:00.000-05:00,Washington DC DC,1,405.25
2019-01-21T00:00:00.000-05:00,Washington DC DC,2,600.25
2019-01-22T00:00:00.000-05:00,Washington DC DC,1,477.5
2019-01-26T00:00:00.000-05:00,Washington DC DC,4,1715.75
2019-01-28T00:00:00.000-05:00,Washington DC DC,2,887.25
2019-01-30T00:00:00.000-05:00,Washington DC DC,4,977.75
2019-01-31T00:00:00.000-05:00,Washington DC DC,5,3081.5
2019-02-01T00:00:00.000-05:00,Washington DC DC,2,582.75
2019-02-02T00:00:00.000-05:00,Washington DC DC,2,1720
2019-02-03T00:00:00.000-05:00,Washington DC DC,1,391.25
2019-02-04T00:00:00.000-05:00,Washington DC DC,2,455.25
2019-02-05T00:00:00.000-05:00,Washington DC DC,3,1107.5
2019-02-06T00:00:00.000-05:00,Washington DC DC,4,1738.75
2019-02-08T00:00:00.000-05:00,Washington DC DC,3,999
2019-02-09T00:00:00.000-05:00,Washington DC DC,1,560.25
2019-02-11T00:00:00.000-05:00,Washington DC DC,2,683.5
2019-02-15T00:00:00.000-05:00,Washington DC DC,4,1191
2019-02-16T00:00:00.000-05:00,Washington DC DC,1,687.25
